"Name","Link"
"A.E. Popp","http://viaf.org/viaf/20715488"
"Abu Ma'sar","http://viaf.org/viaf/17355947 @ http://www.wikidata.org/entity/Q11373"
"Achilles Bocchius","http://viaf.org/viaf/149878 @ http://www.wikidata.org/entity/Q3604350"
"Adam Friedrich Oeser","http://vocab.getty.edu/ulan/500115770 @ http://www.wikidata.org/entity/Q215129 @ http://viaf.org/viaf/74126113"
"Agesander","http://www.wikidata.org/entity/Q983432 @ http://vocab.getty.edu/ulan/500021781 @ http://viaf.org/viaf/35898854"
"Athenodoros","http://vocab.getty.edu/ulan/500007132 @ http://www.wikidata.org/entity/Q280432 @ http://viaf.org/viaf/42230050"
"Polydorus","http://vocab.getty.edu/ulan/500031985"
"Agnolo Bronzino","http://vocab.getty.edu/ulan/500004362 @ http://www.wikidata.org/entity/Q7803 @ http://viaf.org/viaf/106963584 @ http://viaf.org/viaf/59354048"
"Albrecht Dürer","http://vocab.getty.edu/ulan/500115493 @ http://www.wikidata.org/entity/Q5580 @ http://viaf.org/viaf/54146999"
"Alexandre de Laborde","http://viaf.org/viaf/121808105 @ http://www.wikidata.org/entity/Q2362791 @ http://vocab.getty.edu/ulan/500254596 @ http://viaf.org/viaf/27074419"
"Alfred Stevens","http://vocab.getty.edu/ulan/500000844 @ http://www.wikidata.org/entity/Q773855 @ http://viaf.org/viaf/10025104"
"Alphonse Louis Duc","http://viaf.org/viaf/47035383"
"Ambrogio Lorenzetti","http://vocab.getty.edu/ulan/500012547 @ http://www.wikidata.org/entity/Q211562 @ http://viaf.org/viaf/100916572"
"Andrea Alciati","http://vocab.getty.edu/ulan/500048282 @ http://www.wikidata.org/entity/Q464471 @ http://viaf.org/viaf/51699991"
"Andrea del Castagno","http://vocab.getty.edu/ulan/500004603 @ http://www.wikidata.org/entity/Q240737 @ http://viaf.org/viaf/95708912"
"Andrea Mantegna","http://vocab.getty.edu/ulan/500004218 @ http://www.wikidata.org/entity/Q5681 @ http://viaf.org/viaf/27084155"
"Annibale Carracci","http://vocab.getty.edu/ulan/500115350 @ http://www.wikidata.org/entity/Q7824 @ http://viaf.org/viaf/12405951"
"Anthony van Dyck","http://vocab.getty.edu/ulan/500115190 @ http://www.wikidata.org/entity/Q150679 @ http://viaf.org/viaf/17231738"
"Antonio Federighi","http://vocab.getty.edu/ulan/500022519 @ http://www.wikidata.org/entity/Q291201 @ http://viaf.org/viaf/52774174"
"Antonio Pollaiuolo","http://vocab.getty.edu/ulan/500013242 @ http://www.wikidata.org/entity/Q318640 @ http://viaf.org/viaf/309812814 @ http://viaf.org/viaf/79398580"
"Apollonio di Giovanni","http://vocab.getty.edu/ulan/500019165 @ http://www.wikidata.org/entity/Q2858468 @ http://viaf.org/viaf/95798943"
"Artus Quellinus the Elder","http://viaf.org/viaf/52492507 @ http://www.wikidata.org/entity/Q651461 @ http://vocab.getty.edu/ulan/500012120"
"Aubrey Beardsley","http://viaf.org/viaf/88739636 @ http://www.wikidata.org/entity/Q272566 @ http://vocab.getty.edu/ulan/500032068"
"B. de Montfaucon","http://vocab.getty.edu/ulan/500272624"
"Baccio Bandinelli","http://vocab.getty.edu/ulan/500008366 @ http://www.wikidata.org/entity/Q358348 @ http://viaf.org/viaf/88820562"
"Benedetto Antelami","http://vocab.getty.edu/ulan/500007220 @ http://www.wikidata.org/entity/Q560114 @ http://viaf.org/viaf/50019028 @ http://viaf.org/viaf/6922149489170593810001"
"Benozzo Gozzoli","http://vocab.getty.edu/ulan/500000246 @ http://www.wikidata.org/entity/Q248615 @ http://viaf.org/viaf/49498139"
"C. Nodier","http://viaf.org/viaf/64009895"
"Cesare Ripa","http://vocab.getty.edu/ulan/500236250 @ http://www.wikidata.org/entity/Q721704 @ http://viaf.org/viaf/100173686"
"Charles Edouard de Beaumont","http://vocab.getty.edu/ulan/500011622 @ http://www.wikidata.org/entity/Q2958342 @ http://viaf.org/viaf/22922551 @ http://viaf.org/viaf/90433463"
"Christine Pisan","https://viaf.org/viaf/100188547/"
"Konrad Peutinger","http://viaf.org/viaf/56776766 @ http://www.wikidata.org/entity/Q60958 @ http://vocab.getty.edu/ulan/500353274"
"Correggio","http://vocab.getty.edu/ulan/500006208 @ http://www.wikidata.org/entity/Q8457 @ http://viaf.org/viaf/97748522"
"Cosimo de' Medici","http://www.wikidata.org/entity/Q48547 @ http://vocab.getty.edu/ulan/500125867 @ http://viaf.org/viaf/121802096"
"Cristoforo Robetta","http://vocab.getty.edu/ulan/500033090"
"Cyriacus of Ancona","http://vocab.getty.edu/ulan/00031944 @ http://www.wikidata.org/entity/Q558074 @ http://vocab.getty.edu/ulan/500031944 @ http://viaf.org/viaf/120696433 @ http://viaf.org/viaf/95878508"
"David Le Marchand",""
"Domenico Beccafumi","http://www.wikidata.org/entity/Q455712 @ http://vocab.getty.edu/ulan/500012009 @ http://viaf.org/viaf/10120260"
"Donatello","http://vocab.getty.edu/ulan/00026022 @ http://www.wikidata.org/entity/Q37562 @ http://vocab.getty.edu/ulan/500026022 @ http://viaf.org/viaf/22171330"
"Duccio di Buoninsegna","http://vocab.getty.edu/ulan/00029165 @ http://www.wikidata.org/entity/Q15792 @ http://vocab.getty.edu/ulan/500029165 @ http://viaf.org/viaf/102317335"
"F. D'Ostervald","http://viaf.org/viaf/303877486"
"Filarete","http://vocab.getty.edu/ulan/00031755 @ http://www.wikidata.org/entity/Q449961 @ http://vocab.getty.edu/ulan/500031755 @ http://viaf.org/viaf/14845307 @ http://viaf.org/viaf/95877350"
"Filippino Lippi","http://vocab.getty.edu/ulan/00018029 @ http://www.wikidata.org/entity/Q296265 @ http://vocab.getty.edu/ulan/500018029 @ http://viaf.org/viaf/100260937"
"Filippo Brunelleschi","http://vocab.getty.edu/ulan/00018169 @ http://www.wikidata.org/entity/Q174330 @ http://vocab.getty.edu/ulan/500018169 @ http://viaf.org/viaf/39650057"
"Flemish School",""
"Florentine Master",""
"Francesco Barberino","http://viaf.org/viaf/88671516"
"Francesco Cossa","http://vocab.getty.edu/ulan/00028661 @ http://www.wikidata.org/entity/Q454892 @ http://vocab.getty.edu/ulan/500028661 @ http://viaf.org/viaf/27338877"
"Francesco Maffei","http://vocab.getty.edu/ulan/00003207 @ http://www.wikidata.org/entity/Q3289164 @ http://vocab.getty.edu/ulan/500003207 @ http://viaf.org/viaf/79429791"
"Francesco Terribilia","http://www.wikidata.org/entity/Q14823536 @ http://vocab.getty.edu/ulan/500021265 @ http://viaf.org/viaf/95812250"
"Francesco Traini","http://vocab.getty.edu/ulan/00004742 @ http://www.wikidata.org/entity/Q673516 @ http://vocab.getty.edu/ulan/500004742 @ http://viaf.org/viaf/95709704"
"Francesco Vanni","http://vocab.getty.edu/ulan/00012526 @ http://www.wikidata.org/entity/Q960581 @ http://vocab.getty.edu/ulan/500012526 @ http://viaf.org/viaf/17494662"
"Franchinus Gaforius","http://viaf.org/viaf/71536697"
"Francisco de Ollanda","http://viaf.org/viaf/68951231"
"Franco Cardini","http://www.wikidata.org/entity/Q167125 @ http://viaf.org/viaf/29548007"
"François Charles Savinien Petit","http://vocab.getty.edu/ulan/500096835 @ http://www.wikidata.org/entity/Q56025054 @ http://viaf.org/viaf/61818089"
"François Perrier","http://viaf.org/viaf/88062009 @ http://www.wikidata.org/entity/Q82566 @ http://vocab.getty.edu/ulan/500012811 @ http://viaf.org/viaf/2588852 @ http://viaf.org/viaf/134147094987925081526"
"Frédéric de Clarac","http://viaf.org/viaf/22357212 @ http://www.wikidata.org/entity/Q1960518"
"Fritz Saxl","http://vocab.getty.edu/ulan/500288493 @ http://www.wikidata.org/entity/Q78900 @ http://viaf.org/viaf/66486297"
"G. B. Fulgosus","http://viaf.org/viaf/74284252"
"G. Wingendorp","http://www.wikidata.org/entity/Q112455120 @ http://viaf.org/viaf/15029610"
"Galeazzo Maria Sforza","http://www.wikidata.org/entity/Q317894 @ http://vocab.getty.edu/ulan/500219531 @ http://viaf.org/viaf/18018815"
"Georg Wilhelm Kolbe",""
"Gherardo Silvani","http://www.wikidata.org/entity/Q1107769 @ http://vocab.getty.edu/ulan/500024537 @ http://viaf.org/viaf/72322436"
"Giacomo Barozzi da Vignola","http://www.wikidata.org/entity/Q297565 @ http://vocab.getty.edu/ulan/500024808 @ http://viaf.org/viaf/56637758"
"Giambologna","http://www.wikidata.org/entity/Q220136 @ http://vocab.getty.edu/ulan/500016387 @ http://viaf.org/viaf/34725916"
"Gian Lorenzo Bernini","http://vocab.getty.edu/ulan/00032022 @ http://www.wikidata.org/entity/Q160538 @ http://vocab.getty.edu/ulan/500032022 @ http://viaf.org/viaf/73850000"
"Giorgio Vasari","http://vocab.getty.edu/ulan/00017608 @ http://www.wikidata.org/entity/Q128027 @ http://vocab.getty.edu/ulan/500017608 @ http://viaf.org/viaf/46768219"
"Giotto","http://vocab.getty.edu/ulan/00010766 @ http://www.wikidata.org/entity/Q7814 @ http://vocab.getty.edu/ulan/500010766 @ http://viaf.org/viaf/27073355"
"Giovanni Battista Cipriani","http://www.wikidata.org/entity/Q2687759 @ http://vocab.getty.edu/ulan/500031736 @ http://viaf.org/viaf/5233386"
"Giovanni Paolo Pannini","http://vocab.getty.edu/ulan/00018296 @ http://www.wikidata.org/entity/Q286670 @ http://vocab.getty.edu/ulan/500018296 @ http://viaf.org/viaf/95793281"
"Giovanni Pisano","http://vocab.getty.edu/ulan/00017740 @ http://www.wikidata.org/entity/Q314932 @ http://vocab.getty.edu/ulan/500017740 @ http://viaf.org/viaf/100174152"
"Giovanni Rost","http://vocab.getty.edu/ulan/00102719"
"Giovanni Stradano","http://vocab.getty.edu/ulan/500011304 @ http://www.wikidata.org/entity/Q143595 @ http://viaf.org/viaf/29699451"
"Giovanni Zacchi","http://vocab.getty.edu/ulan/500123449 @ http://www.wikidata.org/entity/Q97853365 @ http://viaf.org/viaf/57753892"
"Girolamo Olgiati","http://vocab.getty.edu/ulan/00093176"
"Giulio Romano","http://vocab.getty.edu/ulan/00115304 @ http://www.wikidata.org/entity/Q215305 @ http://vocab.getty.edu/ulan/500115304 @ http://viaf.org/viaf/74007636"
"Giuseppe Arcimboldo","http://vocab.getty.edu/ulan/00028171 @ http://www.wikidata.org/entity/Q7751 @ http://vocab.getty.edu/ulan/500028171 @ http://viaf.org/viaf/22412735"
"Gregorio de Gregorii","http://viaf.org/viaf/34610850"
"Guercino","http://vocab.getty.edu/ulan/500021925 @ http://www.wikidata.org/entity/Q334262 @ http://viaf.org/viaf/49248688"
"Hans Holbein the Younger","http://vocab.getty.edu/ulan/00005259 @ http://www.wikidata.org/entity/Q48319 @ http://vocab.getty.edu/ulan/500005259 @ http://viaf.org/viaf/4945401"
"Honoré Fragonard","http://www.wikidata.org/entity/Q127171 @ http://vocab.getty.edu/ulan/500115329 @ http://viaf.org/viaf/36918358"
"Hrabanus Maurus","http://viaf.org/viaf/95147534 @ http://www.wikidata.org/entity/Q160441 @ http://viaf.org/viaf/480144647666435851995"
"J. Eck","https://bp16.bnf.fr/12519521/johannes_eck/"
"J. M. S. Bence",""
"Jacobus Typotius","http://viaf.org/viaf/37350321 @ http://www.wikidata.org/entity/Q6119895"
"Jacopo Capcasa di Codeca",""
"Jacopo Caraglio","http://vocab.getty.edu/ulan/00455967 @ http://www.wikidata.org/entity/Q705640 @ http://vocab.getty.edu/ulan/500025904 @ http://viaf.org/viaf/40433171 @ http://viaf.org/viaf/95841449"
"Jacopo del Sellaio","http://vocab.getty.edu/ulan/00023242 @ http://www.wikidata.org/entity/Q2525549 @ http://vocab.getty.edu/ulan/500023242 @ http://viaf.org/viaf/57747885"
"Jacopo Pesellino",""
"Jacquemart de Hesdin","http://vocab.getty.edu/ulan/00018216 @ http://www.wikidata.org/entity/Q2211325 @ http://vocab.getty.edu/ulan/500018216 @ http://viaf.org/viaf/173670122 @ http://viaf.org/viaf/95792819"
"Jan Collaert",""
"Jan van Campen",""
"Jan van Eyck","http://vocab.getty.edu/ulan/00116209 @ http://www.wikidata.org/entity/Q102272 @ http://vocab.getty.edu/ulan/500116209 @ http://viaf.org/viaf/54156267 @ http://viaf.org/viaf/96542881"
"Jean Bondol","http://vocab.getty.edu/ulan/00121790 @ http://www.wikidata.org/entity/Q1370613 @ http://vocab.getty.edu/ulan/500121790 @ http://viaf.org/viaf/96579693"
"Jean Jérôme Baugean","http://vocab.getty.edu/ulan/500003653 @ http://www.wikidata.org/entity/Q3166576 @ http://viaf.org/viaf/7155"
"Jean Pucelle","http://vocab.getty.edu/ulan/00115647 @ http://www.wikidata.org/entity/Q175888 @ http://vocab.getty.edu/ulan/500115647 @ http://viaf.org/viaf/79400108 @ http://viaf.org/viaf/96539258"
"Johannes Vermeer","http://www.wikidata.org/entity/Q41264 @ http://vocab.getty.edu/ulan/500032927 @ http://viaf.org/viaf/51961439"
"John Theodore Heins","http://vocab.getty.edu/ulan/500004409 @ http://www.wikidata.org/entity/Q16842181 @ http://viaf.org/viaf/300116384 @ http://viaf.org/viaf/95707698"
"John VIII Palaiologos","http://www.wikidata.org/entity/Q37062 @ http://vocab.getty.edu/ulan/500354838 @ http://viaf.org/viaf/37307937"
"Keith Christiansen",""
"L. Begerus","http://worldcat.org/identities/np-begerus,%20laurentius/"
"Leon Battista Alberti","http://vocab.getty.edu/ulan/00002025 @ http://www.wikidata.org/entity/Q182046 @ http://vocab.getty.edu/ulan/500002025 @ http://viaf.org/viaf/29559625 @ http://viaf.org/viaf/286175745"
"Limbourg brothers","http://vocab.getty.edu/ulan/00486541"
"Lorenzo de' Medici","http://vocab.getty.edu/ulan/500114960 @ http://www.wikidata.org/entity/Q177854 @ http://viaf.org/viaf/54169908"
"Lucas Cranach the Elder","http://vocab.getty.edu/ulan/00115364 @ http://www.wikidata.org/entity/Q191748 @ http://vocab.getty.edu/ulan/500115364 @ http://viaf.org/viaf/49268177 @ http://viaf.org/viaf/898159234695903372386"
"Ludovico Cigoli","http://vocab.getty.edu/ulan/00115264 @ http://www.wikidata.org/entity/Q928350 @ http://vocab.getty.edu/ulan/500115264 @ http://viaf.org/viaf/29804962"
"Lysippus","http://vocab.getty.edu/ulan/00012332 @ http://www.wikidata.org/entity/Q192222 @ http://vocab.getty.edu/ulan/500012332 @ http://viaf.org/viaf/219230070 @ http://viaf.org/viaf/297421082 @ http://viaf.org/viaf/39408338 @ http://viaf.org/viaf/40151776823718012438"
"M. Welser",""
"Maerten van Heemskerck","http://vocab.getty.edu/ulan/00124291 @ http://www.wikidata.org/entity/Q538350 @ http://vocab.getty.edu/ulan/500124291 @ http://viaf.org/viaf/88717459"
"Maitre des Heures du Maréchal de Boucicaut","http://vocab.getty.edu/ulan/00019456 @ http://www.wikidata.org/entity/Q894982 @ http://vocab.getty.edu/ulan/500019456 @ http://viaf.org/viaf/1524070"
"Maitre des Heures du Maréchal de Boucicaut (workshop)",""
"Marcantonio Raimondi","http://vocab.getty.edu/ulan/00030773 @ http://www.wikidata.org/entity/Q728375 @ http://vocab.getty.edu/ulan/500030773 @ http://viaf.org/viaf/86615512"
"Masaccio","http://vocab.getty.edu/ulan/00026649 @ http://www.wikidata.org/entity/Q5811 @ http://vocab.getty.edu/ulan/500026649 @ http://viaf.org/viaf/7368513"
"Master Gilabertus","http://viaf.org/viaf/95701300 @ http://www.wikidata.org/entity/Q98673410"
"Master Wiligelmus",""
"Medeo da Siena",""
"Member of the Zacchia Family",""
"Michael Scotus","http://viaf.org/viaf/37028785 @ http://www.wikidata.org/entity/Q559548 @ http://vocab.getty.edu/ulan/500332963 @ http://viaf.org/viaf/89415245"
"Michelangelo","http://vocab.getty.edu/ulan/00010654 @ http://www.wikidata.org/entity/Q5592 @ http://vocab.getty.edu/ulan/500010654 @ http://viaf.org/viaf/24585191"
"Niccolò Fiorentino","http://vocab.getty.edu/ulan/00002432 @ http://www.wikidata.org/entity/Q16582310 @ http://vocab.getty.edu/ulan/500046279 @ http://viaf.org/viaf/23059911"
"Niccolò Soggi","http://vocab.getty.edu/ulan/00000363 @ http://www.wikidata.org/entity/Q1347662 @ http://vocab.getty.edu/ulan/500000363 @ http://viaf.org/viaf/305410962 @ http://viaf.org/viaf/52515304"
"Nicola Pisano","http://vocab.getty.edu/ulan/00004862 @ http://www.wikidata.org/entity/Q364413 @ http://vocab.getty.edu/ulan/500004862 @ http://viaf.org/viaf/4221151778218218130007 @ http://viaf.org/viaf/79399625 @ http://viaf.org/viaf/95710492"
"Nicolas Béatrizet","http://vocab.getty.edu/ulan/00013977 @ http://www.wikidata.org/entity/Q461143 @ http://vocab.getty.edu/ulan/500013977 @ http://viaf.org/viaf/12577454"
"Nicolas Poussin","http://vocab.getty.edu/ulan/00005036 @ http://www.wikidata.org/entity/Q41554 @ http://vocab.getty.edu/ulan/500005036 @ http://viaf.org/viaf/24606800"
"North Italian Master",""
"Opicinus de Canistris","http://vocab.getty.edu/ulan/00066578 @ http://www.wikidata.org/entity/Q3354174 @ http://vocab.getty.edu/ulan/500066578 @ http://viaf.org/viaf/76157605"
"Otho Venius","http://vocab.getty.edu/ulan/00005170 @ http://www.wikidata.org/entity/Q785355 @ http://vocab.getty.edu/ulan/500005170 @ http://viaf.org/viaf/61657203"
"Ovidius","http://viaf.org/viaf/88342447"
"Pietro Santi Bartoli","http://viaf.org/viaf/120695133 @ http://www.wikidata.org/entity/Q1106798 @ http://vocab.getty.edu/ulan/500019038 @ http://viaf.org/viaf/95798201"
"Palladio","http://vocab.getty.edu/ulan/00021650 @ http://www.wikidata.org/entity/Q177692 @ http://vocab.getty.edu/ulan/500021650 @ http://viaf.org/viaf/17227673"
"Paris Bordone","http://vocab.getty.edu/ulan/00018343 @ http://www.wikidata.org/entity/Q366081 @ http://vocab.getty.edu/ulan/500018343 @ http://viaf.org/viaf/47034626"
"Paul Decker",""
"Petrarch","http://www.wikidata.org/entity/Q1401 @ http://vocab.getty.edu/ulan/500323951 @ http://viaf.org/viaf/39382430 @ http://viaf.org/viaf/4668156811376945390003"
"Petrus Apianus","http://www.wikidata.org/entity/Q58662 @ http://viaf.org/viaf/88640422"
"Pierio Valeriano","http://www.wikidata.org/entity/Q710070 @ http://vocab.getty.edu/ulan/500101904 @ http://viaf.org/viaf/24739026"
"Piero de' Medici","http://vocab.getty.edu/ulan/500356780 @ http://www.wikidata.org/entity/Q299663 @ http://viaf.org/viaf/25406033"
"Piero della Francesca","http://vocab.getty.edu/ulan/00006339 @ http://www.wikidata.org/entity/Q5822 @ http://vocab.getty.edu/ulan/500006339 @ http://viaf.org/viaf/41861623 @ http://viaf.org/viaf/7828158792858139040002 @ http://viaf.org/viaf/95719436"
"Piero di Cosimo","http://vocab.getty.edu/ulan/00007508 @ http://www.wikidata.org/entity/Q280851 @ http://vocab.getty.edu/ulan/500007508 @ http://viaf.org/viaf/95726685"
"Pieter Brueghel the Elder","http://vocab.getty.edu/ulan/00013247 @ http://www.wikidata.org/entity/Q43270 @ http://vocab.getty.edu/ulan/500013247 @ http://viaf.org/viaf/95761864"
"Pietro Lorenzetti","http://vocab.getty.edu/ulan/00030946 @ http://www.wikidata.org/entity/Q309635 @ http://vocab.getty.edu/ulan/500030946 @ http://viaf.org/viaf/172313064"
"Pietro Lorenzetti (workshop)",""
"Prudentius","http://www.wikidata.org/entity/Q347250 @ http://viaf.org/viaf/100010336 @ http://viaf.org/viaf/158158790507738850756"
"Raphael","http://vocab.getty.edu/ulan/00023578 @ http://www.wikidata.org/entity/Q5597 @ http://vocab.getty.edu/ulan/500023578 @ http://viaf.org/viaf/64055977"
"Remigius of Auxerre","http://viaf.org/viaf/121885360 @ http://www.wikidata.org/entity/Q1383306"
"Roelof van Straten","http://www.wikidata.org/entity/Q93234030 @ http://viaf.org/viaf/24696920"
"Rogier van der Weyden","http://vocab.getty.edu/ulan/00008384 @ http://www.wikidata.org/entity/Q68631 @ http://vocab.getty.edu/ulan/500008384 @ http://viaf.org/viaf/100171627 @ http://viaf.org/viaf/88765038"
"Rossellino (school of)",""
"Rosso Fiorentino","http://vocab.getty.edu/ulan/00014451 @ http://www.wikidata.org/entity/Q312617 @ http://vocab.getty.edu/ulan/500014451 @ http://viaf.org/viaf/107532392"
"Rubens","http://vocab.getty.edu/ulan/00002921 @ http://www.wikidata.org/entity/Q5599 @ http://vocab.getty.edu/ulan/500002921 @ http://viaf.org/viaf/56647196"
"Sandro Botticelli","http://vocab.getty.edu/ulan/00015254 @ http://www.wikidata.org/entity/Q5669 @ http://vocab.getty.edu/ulan/500015254 @ http://viaf.org/viaf/19686406"
"Sebastiano Serlio","http://www.wikidata.org/entity/Q452318 @ http://vocab.getty.edu/ulan/500023485 @ http://viaf.org/viaf/100163642"
"Sigismondo Malatesta","http://www.wikidata.org/entity/Q7512161"
"Sigismund of Luxemburg","http://www.wikidata.org/entity/Q57124 @ http://vocab.getty.edu/ulan/500341382 @ http://viaf.org/viaf/88904680"
"Sofia Baroncini",""
"St. Augustine","http://viaf.org/viaf/66806872 @ http://www.wikidata.org/entity/Q8018 @ http://vocab.getty.edu/ulan/500104317 @ http://viaf.org/viaf/7045161274833147650005"
"Stephan Arndes","http://viaf.org/viaf/89028883 @ http://www.wikidata.org/entity/Q104068"
"Stephen Hawes","http://www.wikidata.org/entity/Q2919718 @ http://viaf.org/viaf/45098091"
"Sufi",""
"Taddeo Gaddi","http://vocab.getty.edu/ulan/00115669 @ http://www.wikidata.org/entity/Q315835 @ http://vocab.getty.edu/ulan/500115669 @ http://viaf.org/viaf/22414216"
"Thomas Regnaudin","http://www.wikidata.org/entity/Q1069787 @ http://vocab.getty.edu/ulan/500022081 @ http://viaf.org/viaf/24870930"
"Thomasin von Zerclaere","http://www.wikidata.org/entity/Q95615 @ http://viaf.org/viaf/1054145857953923021295"
"Tiziano Vecellio","http://vocab.getty.edu/ulan/00031075 @ http://www.wikidata.org/entity/Q47551 @ http://vocab.getty.edu/ulan/500031075 @ http://viaf.org/viaf/109266837"
"Tiziano Vecellio (and helpers)",""
"Tommaso Laureti","http://www.wikidata.org/entity/Q357886 @ http://vocab.getty.edu/ulan/500030736 @ http://viaf.org/viaf/18100176"
"Victor Texier","http://viaf.org/viaf/229817826"
"Villard de Honnecourt","http://vocab.getty.edu/ulan/00030504 @ http://www.wikidata.org/entity/Q366502 @ http://vocab.getty.edu/ulan/500030504 @ http://viaf.org/viaf/79146472 @ http://viaf.org/viaf/95869775"
"Vincenzo Cartari","http://vocab.getty.edu/ulan/00315492 @ http://www.wikidata.org/entity/Q2526869 @ http://viaf.org/viaf/69043292"
"Vincenzo Valgrisi","http://viaf.org/viaf/38966046 @ http://www.wikidata.org/entity/Q4013565"
"Vitruvius","http://www.wikidata.org/entity/Q47163 @ http://vocab.getty.edu/ulan/500014983 @ http://viaf.org/viaf/126145067236866630165 @ http://viaf.org/viaf/16146522312432391530 @ http://viaf.org/viaf/164593485 @ http://viaf.org/viaf/23146462703827772135 @ http://viaf.org/viaf/77586244 @ http://viaf.org/viaf/6304159478332227990000 @ http://viaf.org/viaf/79163510255510931157"
"Wechel",""
"William Hogarth","http://vocab.getty.edu/ulan/500004242 @ http://www.wikidata.org/entity/Q171344 @ http://viaf.org/viaf/17268409"
"Erwin Panofsky","http://www.wikidata.org/entity/Q57656 @ http://vocab.getty.edu/ulan/500216547 @ http://viaf.org/viaf/76321051"
"I. J. S. Taylor",""
"Homerus",""
"Gaius Valerius Catullus","http://viaf.org/viaf/100218993 @ http://www.wikidata.org/entity/Q163079 @ http://viaf.org/viaf/371158790735038852494 @ http://viaf.org/viaf/54145536 @ http://viaf.org/viaf/4908149544597800490004"
"Sidonius",""
"Claudianus","http://viaf.org/viaf/246763674 @ http://www.wikidata.org/entity/Q205947 @ http://viaf.org/viaf/1897159474333327662271 @ http://viaf.org/viaf/305539067 @ http://viaf.org/viaf/315612925 @ http://viaf.org/viaf/36149542785700301604"
"Jodocus Hondius","http://www.wikidata.org/entity/Q454603 @ http://vocab.getty.edu/ulan/500031639 @ http://viaf.org/viaf/56911926"
"Walter Liedtke","http://www.wikidata.org/entity/Q18968254 @ http://viaf.org/viaf/24616205"
"Cesare Vecellio","http://viaf.org/viaf/17378621 @ http://www.wikidata.org/entity/Q549400 @ http://vocab.getty.edu/ulan/500018010"
"Giovanni Giacomo De Rossi","http://www.wikidata.org/entity/Q12631500 @ http://vocab.getty.edu/ulan/500354057 @ http://viaf.org/viaf/22440470 @ http://viaf.org/viaf/305191856"
"Un Père Capucin",""
"Gioanna da Piacenza","https://www.wikidata.org/wiki/Q3766265"
"Aratus","http://www.wikidata.org/entity/Q180671 @ http://viaf.org/viaf/100908520 @ http://viaf.org/viaf/88158790727838852190"
"Saint Luke","http://www.wikidata.org/entity/Q128538 @ http://viaf.org/viaf/128165029 @ http://viaf.org/viaf/305863610"
"Yrjö Hirn","http://www.wikidata.org/entity/Q5400516 @ http://viaf.org/viaf/9862992"
"Pier Donato Cesi","http://www.wikidata.org/entity/Q1772401 @ http://viaf.org/viaf/5809319"
"Irving Lavin","http://www.wikidata.org/entity/Q19753933 @ http://vocab.getty.edu/ulan/500248333 @ http://viaf.org/viaf/267460672"
"Rudolf Wittkower","http://www.wikidata.org/entity/Q215999 @ http://vocab.getty.edu/ulan/500218491 @ http://viaf.org/viaf/24618617"
"Virgil","http://www.wikidata.org/entity/Q1398 @ http://vocab.getty.edu/ulan/500337098 @ http://viaf.org/viaf/8194433 @ http://viaf.org/viaf/2158158792840839040009 @ http://viaf.org/viaf/2676159248164504870004 @ http://viaf.org/viaf/8069158070687608780002"
"Isaiah",""
"Lorenzo Lotto","http://www.wikidata.org/entity/Q310973 @ http://vocab.getty.edu/ulan/500015631 @ http://viaf.org/viaf/22165049"
"Remigus",""
"Benoît de Sainte-Maure","http://www.wikidata.org/entity/Q435578 @ http://viaf.org/viaf/9842967 @ http://viaf.org/viaf/23158790735738852257"
"Guido da Colonna",""
"Jacopino di Francesco","http://www.wikidata.org/entity/Q65781402 @ http://vocab.getty.edu/ulan/500013822 @ http://viaf.org/viaf/39214463"
"Orazio Vecellio","http://www.wikidata.org/entity/Q7099974 @ http://vocab.getty.edu/ulan/500006561 @ http://viaf.org/viaf/294907228"
"Marco Vecellio","http://www.wikidata.org/entity/Q1232470 @ http://vocab.getty.edu/ulan/500004446 @ http://viaf.org/viaf/64910390"
"Filippo Baldinucci","http://www.wikidata.org/entity/Q979574 @ http://vocab.getty.edu/ulan/500011508 @ http://viaf.org/viaf/95751085"
"Cimabue","http://www.wikidata.org/entity/Q15790 @ http://vocab.getty.edu/ulan/500016284 @ http://viaf.org/viaf/11146779"
"Albrecht Dürer (workshop)",""
"Aby Warburg","http://www.wikidata.org/entity/Q60185 @ http://vocab.getty.edu/ulan/500258088 @ http://viaf.org/viaf/39394539"
"Lorenzo di Pierfrancesco de' Medici","http://www.wikidata.org/entity/Q1379683 @ http://viaf.org/viaf/1380197"
"Francesco del Pugliese","http://www.wikidata.org/entity/Q3749898"
"Giovanni Vespucci","http://www.wikidata.org/entity/Q17064119"
"Goya","http://www.wikidata.org/entity/Q5432 @ http://vocab.getty.edu/ulan/500118936 @ http://viaf.org/viaf/54343141"
"Nino Pisano","http://www.wikidata.org/entity/Q2273927 @ http://vocab.getty.edu/ulan/500004982 @ http://viaf.org/viaf/50021509 @ http://viaf.org/viaf/95711214"
"Tommaso Cavalieri","http://www.wikidata.org/entity/Q538960 @ http://viaf.org/viaf/47553441"
"Atalanta Baglioni","http://www.wikidata.org/entity/Q21529483 @ http://vocab.getty.edu/ulan/500100820 @ http://viaf.org/viaf/96428113"
"J. Wilde",""
"Conrad Celtis",""
"Eusthatius Makrembolites",""
"Angelo Poliziano","http://www.wikidata.org/entity/Q250414 @ http://vocab.getty.edu/ulan/500324225 @ http://viaf.org/viaf/9867884"
"Horapollo","http://www.wikidata.org/entity/Q364379 @ http://viaf.org/viaf/5028266 @ http://viaf.org/viaf/250688796 @ http://viaf.org/viaf/266700605 @ http://viaf.org/viaf/1238154381079030292735 @ http://viaf.org/viaf/4423164661918003390003 @ http://viaf.org/viaf/2465156811370345390009 @ http://viaf.org/viaf/8438159248180804870001 @ http://viaf.org/viaf/176158790511638851044 @ http://viaf.org/viaf/4191158070751108780001"
"Servius","http://www.wikidata.org/entity/Q355350 @ http://viaf.org/viaf/10970700 @ http://viaf.org/viaf/123145857074322921977 @ http://viaf.org/viaf/289157163"
"Cristoforo Landino","http://www.wikidata.org/entity/Q711964 @ http://vocab.getty.edu/ulan/500321032 @ http://viaf.org/viaf/42629956"
"Hieronymus Tetius","http://www.wikidata.org/entity/Q29348142 @ http://viaf.org/viaf/24950993"
"Pico della Mirandola","http://www.wikidata.org/entity/Q182128 @ http://vocab.getty.edu/ulan/500341594 @ http://viaf.org/viaf/34491108"
"Lucretius","http://www.wikidata.org/entity/Q47154 @ http://viaf.org/viaf/106388020 @ http://viaf.org/viaf/1282154257834024150191 @ http://viaf.org/viaf/210687132 @ http://viaf.org/viaf/2698159248601904870005 @ http://viaf.org/viaf/289098678 @ http://viaf.org/viaf/4023148149518296930001 @ http://viaf.org/viaf/471144647704170462775 @ http://viaf.org/viaf/533158790748838852927"
"Petrus Berchorius","http://www.wikidata.org/entity/Q1370726 @ http://viaf.org/viaf/51835136"
"Statius",""
"Boccaccio","http://www.wikidata.org/entity/Q1402 @ http://vocab.getty.edu/ulan/500314560 @ http://viaf.org/viaf/64002165"
"Marsilio Ficino","http://www.wikidata.org/entity/Q192374 @ http://vocab.getty.edu/ulan/500317670 @ http://viaf.org/viaf/120697563"
"Lucianus","http://www.wikidata.org/entity/Q177847 @ http://vocab.getty.edu/ulan/500321727 @ http://viaf.org/viaf/100218901 @ http://viaf.org/viaf/15144782943810992017 @ http://viaf.org/viaf/21145856868522920447 @ http://viaf.org/viaf/69976451"
"Hesiod","http://www.wikidata.org/entity/Q44233 @ http://viaf.org/viaf/122220717 @ http://viaf.org/viaf/123151776730218010327 @ http://viaf.org/viaf/204158790508438850486 @ http://viaf.org/viaf/263158237 @ http://viaf.org/viaf/266190844 @ http://viaf.org/viaf/2998151247987344270003 @ http://viaf.org/viaf/371159474047527660844 @ http://viaf.org/viaf/3793159248347104870003 @ http://viaf.org/viaf/405144647704944068833 @ http://viaf.org/viaf/4782159478306027990003 @ http://viaf.org/viaf/712154380950030291041 @ http://viaf.org/viaf/74152742906127731410 @ http://viaf.org/viaf/84000929 @ http://viaf.org/viaf/95145856933322920531"
"Pausanias","http://www.wikidata.org/entity/Q192931 @ http://viaf.org/viaf/100176033 @ http://viaf.org/viaf/160107736 @ http://viaf.org/viaf/1872159474208127661439 @ http://viaf.org/viaf/238649357 @ http://viaf.org/viaf/262940218 @ http://viaf.org/viaf/4022149544590900490001 @ http://viaf.org/viaf/77108444 @ http://viaf.org/viaf/77132959 @ http://viaf.org/viaf/7719159477789727990007 @ http://viaf.org/viaf/832154381057130292004"
"Sannazzaro",""
"Berchorius","http://www.wikidata.org/entity/Q1370726 @ http://viaf.org/viaf/51835136"
"Theocritus","http://www.wikidata.org/entity/Q219484 @ http://viaf.org/viaf/1145857073622921994 @ http://viaf.org/viaf/95161348 @ http://viaf.org/viaf/226488752 @ http://viaf.org/viaf/100186918 @ http://viaf.org/viaf/6986153954879605680006 @ http://viaf.org/viaf/285440563 @ http://viaf.org/viaf/121151776730118010714 @ http://viaf.org/viaf/880154380948130290566 @ http://viaf.org/viaf/806144647699829848285 @ http://viaf.org/viaf/181158790509138850105 @ http://viaf.org/viaf/8695147907518079210001 @ http://viaf.org/viaf/262139326"
"Saint Matthew",""
"Hugh of St.-Victor",""
"A. E. Austin",""
"R. van Marle",""
"L. Venturi",""
"The bride",""
"The husband",""
